{
"lang" : "en",
"name" : "PinkMirror",
"scope" : "/",
"display" : "standalone",
"start_url" : "/",
"short_name" : "PinkMirror",
"description" : "",
"orientation" : "portrait",
"background_color": "#fff",
"theme_color": "#f7941d",
"generated" : "true",
  "icons": [
    {
      "src": "app/icons/icon-192x192.png",
      "sizes": "192x192",
      "type": "image/png"
    },
    {
      "src": "app/icons/icon-256x256.png",
      "sizes": "256x256",
      "type": "image/png"
    },
    {
      "src": "app/icons/icon-384x384.png",
      "sizes": "384x384",
      "type": "image/png"
    },
    {
      "src": "app/icons/icon-512x512.png",
      "sizes": "512x512",
      "type": "image/png"
    }
  ]
}